Order_ID,Order_Amount,Customer_ID,Employee_ID,Order_Date,Required_Date,Ship_Date,Courier_Website,Courier,Shipped,PO_No,Payment_Received
2553,2645.87,55,9,01/01/2023,10/01/2023,03/01/2023,http://www.ups.com,UPS,TRUE,4742,TRUE
2554,8908.05,39,9,01/01/2023,07/01/2023,04/01/2023,http://www.usps.com,Parcel Post,TRUE,8908,TRUE
2555,39.8,61,7,02/01/2023,09/01/2023,05/01/2023,http://www.ups.com,UPS,TRUE,1845,TRUE
2556,43.8,9,3,02/01/2023,09/01/2023,03/01/2023,www.fedex.com,FedEx,TRUE,5511,TRUE
2557,65.7,66,3,03/01/2023,15/01/2023,10/01/2023,,Pickup,TRUE,7696,TRUE
2558,27,67,4,03/01/2023,10/01/2023,03/01/2023,www.fedex.com,FedEx,TRUE,,TRUE
2559,6839.1,16,6,03/01/2023,09/01/2023,04/01/2023,http://www.loomis.com,Loomis,TRUE,7385,TRUE
2560,9612.47,46,3,04/01/2023,10/01/2023,05/01/2023,http://www.ups.com,UPS,TRUE,,TRUE
2561,40.5,40,3,04/01/2023,04/01/2023,04/01/2023,http://www.purolator.com,Purolator,TRUE,7570,TRUE
2562,4304.1,20,6,04/01/2023,07/01/2023,04/01/2023,www.fedex.com,FedEx,TRUE,,TRUE
2563,1583.15,59,4,04/01/2023,07/01/2023,06/01/2023,http://www.usps.com,Parcel Post,TRUE,2503,TRUE
2564,701.54,43,7,04/01/2023,11/01/2023,07/01/2023,,Pickup,TRUE,6006,TRUE
2565,116.21,33,7,04/01/2023,16/01/2023,06/01/2023,http://www.loomis.com,Loomis,TRUE,5119,TRUE
2566,40.5,41,1,04/01/2023,15/01/2023,14/01/2023,http://www.purolator.com,Purolator,TRUE,,TRUE
2567,950.97,74,6,04/01/2023,13/01/2023,04/01/2023,www.fedex.com,FedEx,TRUE,,TRUE
2568,959.7,3,6,04/01/2023,16/01/2023,10/01/2023,http://www.loomis.com,Loomis,TRUE,1448,TRUE
2569,31,28,4,04/01/2023,09/01/2023,04/01/2023,http://www.loomis.com,Loomis,TRUE,,TRUE
2570,46.5,4,6,04/01/2023,11/01/2023,07/01/2023,http://www.purolator.com,Purolator,TRUE,,TRUE
2571,296.87,5,4,04/01/2023,14/01/2023,05/01/2023,http://www.usps.com,Parcel Post,TRUE,,TRUE
2572,659.7,33,9,04/01/2023,09/01/2023,08/01/2023,http://www.loomis.com,Loomis,TRUE,3877,TRUE
2573,6891.94,18,7,05/01/2023,15/01/2023,13/01/2023,http://www.purolator.com,Purolator,TRUE,,TRUE
2574,46.5,70,3,05/01/2023,06/01/2023,05/01/2023,http://www.loomis.com,Loomis,TRUE,,TRUE
2575,11465.42,59,1,06/01/2023,11/01/2023,10/01/2023,www.fedex.com,FedEx,TRUE,7070,TRUE
2576,101.7,29,7,06/01/2023,11/01/2023,07/01/2023,http://www.loomis.com,Loomis,TRUE,9726,TRUE
2577,43.8,2,9,07/01/2023,11/01/2023,09/01/2023,http://www.loomis.com,Loomis,TRUE,8118,TRUE
2578,9446.27,25,7,08/01/2023,21/01/2023,14/01/2023,http://www.ups.com,UPS,TRUE,8320,TRUE
2579,67.8,35,7,09/01/2023,19/01/2023,16/01/2023,http://www.loomis.com,Loomis,TRUE,9996,TRUE
2580,101.7,50,9,10/01/2023,11/01/2023,10/01/2023,,Pickup,TRUE,,TRUE
2581,3086.71,9,4,10/01/2023,22/01/2023,13/01/2023,www.fedex.com,FedEx,TRUE,,TRUE
2582,67.8,74,9,11/01/2023,16/01/2023,11/01/2023,http://www.loomis.com,Loomis,TRUE,,TRUE
2583,57,10,3,11/01/2023,22/01/2023,16/01/2023,www.fedex.com,FedEx,TRUE,,TRUE
2584,101.7,8,1,11/01/2023,13/01/2023,12/01/2023,http://www.ups.com,UPS,TRUE,,TRUE
2585,5816.15,61,6,11/01/2023,14/01/2023,12/01/2023,http://www.usps.com,Parcel Post,TRUE,2909,TRUE
2586,101.7,74,9,11/01/2023,17/01/2023,15/01/2023,http://www.loomis.com,Loomis,TRUE,3254,TRUE
2587,67.8,52,3,11/01/2023,24/01/2023,15/01/2023,,Pickup,TRUE,,TRUE
2588,8229.76,17,1,11/01/2023,11/01/2023,11/01/2023,,Pickup,TRUE,,TRUE
2589,891.38,16,7,11/01/2023,17/01/2023,13/01/2023,http://www.usps.com,Parcel Post,TRUE,,TRUE
2590,101.7,65,1,12/01/2023,23/01/2023,20/01/2023,,Pickup,TRUE,,TRUE
2591,1079.7,17,4,12/01/2023,22/01/2023,17/01/2023,http://www.purolator.com,Purolator,TRUE,,TRUE
2592,844.9,65,9,12/01/2023,14/01/2023,13/01/2023,www.fedex.com,FedEx,TRUE,6342,TRUE
2593,3977.26,6,9,13/01/2023,16/01/2023,13/01/2023,,Pickup,TRUE,,TRUE
2594,23.8,4,6,13/01/2023,14/01/2023,13/01/2023,http://www.purolator.com,Purolator,TRUE,6354,TRUE
2595,727.5,70,1,13/01/2023,13/01/2023,13/01/2023,http://www.usps.com,Parcel Post,TRUE,9150,TRUE
2596,72.3,10,1,13/01/2023,19/01/2023,17/01/2023,www.fedex.com,FedEx,TRUE,,TRUE
2597,1727.57,23,3,14/01/2023,15/01/2023,14/01/2023,www.fedex.com,FedEx,TRUE,,TRUE
2598,2939.85,30,9,14/01/2023,17/01/2023,14/01/2023,http://www.loomis.com,Loomis,TRUE,,TRUE
2599,19.96,71,9,14/01/2023,20/01/2023,17/01/2023,www.fedex.com,FedEx,TRUE,6500,TRUE
2600,2996.65,69,6,14/01/2023,21/01/2023,17/01/2023,http://www.loomis.com,Loomis,TRUE,4430,TRUE
2601,7445.57,42,3,14/01/2023,21/01/2023,16/01/2023,http://www.loomis.com,Loomis,TRUE,,TRUE
2602,1911.22,29,9,14/01/2023,14/01/2023,14/01/2023,http://www.loomis.com,Loomis,TRUE,9593,TRUE
2603,4589.1,68,3,14/01/2023,21/01/2023,16/01/2023,http://www.usps.com,Parcel Post,TRUE,,TRUE
2604,1758.79,32,6,14/01/2023,20/01/2023,19/01/2023,,Pickup,TRUE,1523,TRUE
2605,83.4,30,7,15/01/2023,20/01/2023,16/01/2023,http://www.loomis.com,Loomis,TRUE,8853,TRUE
2606,1083.04,2,9,15/01/2023,16/01/2023,15/01/2023,http://www.loomis.com,Loomis,TRUE,7751,TRUE
2607,5321.25,73,1,15/01/2023,22/01/2023,19/01/2023,http://www.ups.com,UPS,TRUE,,TRUE
2608,113.7,69,9,16/01/2023,26/01/2023,19/01/2023,www.fedex.com,FedEx,TRUE,6286,TRUE
2609,125.7,26,4,17/01/2023,29/01/2023,18/01/2023,http://www.purolator.com,Purolator,TRUE,8826,TRUE
2610,5219.55,4,6,17/01/2023,22/01/2023,18/01/2023,http://www.purolator.com,Purolator,TRUE,,TRUE
2611,357.91,25,9,17/01/2023,30/01/2023,29/01/2023,www.fedex.com,FedEx,TRUE,6421,TRUE
2612,814.35,8,7,17/01/2023,20/01/2023,18/01/2023,http://www.ups.com,UPS,TRUE,,TRUE
2613,53.9,29,4,17/01/2023,21/01/2023,18/01/2023,http://www.purolator.com,Purolator,TRUE,,TRUE
2614,8996.75,27,7,17/01/2023,21/01/2023,20/01/2023,http://www.loomis.com,Loomis,TRUE,8838,TRUE
2615,5585.72,25,4,18/01/2023,28/01/2023,27/01/2023,http://www.purolator.com,Purolator,TRUE,4970,TRUE
2616,29,10,1,18/01/2023,22/01/2023,21/01/2023,http://www.ups.com,UPS,TRUE,3313,TRUE
2617,65.7,52,7,19/01/2023,20/01/2023,19/01/2023,,Pickup,TRUE,,TRUE
2618,16.5,73,7,19/01/2023,26/01/2023,21/01/2023,http://www.loomis.com,Loomis,TRUE,6799,TRUE
2619,83.3,24,3,20/01/2023,28/01/2023,21/01/2023,,Pickup,TRUE,3297,TRUE
2620,469.95,45,6,21/01/2023,29/01/2023,22/01/2023,http://www.ups.com,UPS,TRUE,,TRUE
2621,29,63,6,21/01/2023,01/02/2023,21/01/2023,http://www.ups.com,UPS,TRUE,,TRUE
2622,2091.21,20,7,21/01/2023,25/01/2023,23/01/2023,www.fedex.com,FedEx,TRUE,,TRUE
2623,3316.2,8,9,21/01/2023,25/01/2023,24/01/2023,http://www.usps.com,Parcel Post,TRUE,,TRUE
2624,27.56,59,9,21/01/2023,26/01/2023,22/01/2023,http://www.purolator.com,Purolator,TRUE,,TRUE
2625,75.8,50,9,22/01/2023,02/02/2023,29/01/2023,www.fedex.com,FedEx,TRUE,,TRUE
2626,43.5,9,3,22/01/2023,04/02/2023,30/01/2023,http://www.usps.com,Parcel Post,TRUE,,TRUE
2627,10384.96,57,1,22/01/2023,04/02/2023,25/01/2023,,Pickup,TRUE,7634,TRUE
2628,584.85,75,1,23/01/2023,26/01/2023,24/01/2023,www.fedex.com,FedEx,TRUE,2933,TRUE
2629,27,37,3,23/01/2023,30/01/2023,29/01/2023,,Pickup,TRUE,9106,TRUE
2630,5913.6,11,1,24/01/2023,01/02/2023,27/01/2023,http://www.purolator.com,Purolator,TRUE,,TRUE
2631,70.5,36,9,24/01/2023,25/01/2023,24/01/2023,http://www.usps.com,Parcel Post,TRUE,2450,TRUE
2632,47,43,4,24/01/2023,05/02/2023,24/01/2023,http://www.ups.com,UPS,TRUE,,TRUE
2633,4453.95,37,7,24/01/2023,26/01/2023,24/01/2023,http://www.purolator.com,Purolator,TRUE,,TRUE
2634,5585.72,29,6,25/01/2023,03/02/2023,31/01/2023,www.fedex.com,FedEx,TRUE,,TRUE
2635,1312.11,38,3,26/01/2023,30/01/2023,27/01/2023,http://www.ups.com,UPS,TRUE,,TRUE
2636,1495.95,27,4,26/01/2023,26/01/2023,26/01/2023,http://www.ups.com,UPS,TRUE,3965,TRUE
2637,47.91,28,3,26/01/2023,27/01/2023,26/01/2023,http://www.purolator.com,Purolator,TRUE,,TRUE
2638,12913.8,27,6,26/01/2023,02/02/2023,28/01/2023,,Pickup,TRUE,,TRUE
2639,24,36,3,26/01/2023,07/02/2023,04/02/2023,www.fedex.com,FedEx,TRUE,,TRUE
2640,2939.85,1,1,26/01/2023,27/01/2023,26/01/2023,,Pickup,TRUE,1057,TRUE
2641,27,36,6,26/01/2023,28/01/2023,26/01/2023,http://www.ups.com,UPS,TRUE,,TRUE
2642,1703.35,21,9,26/01/2023,07/02/2023,05/02/2023,http://www.loomis.com,Loomis,TRUE,,TRUE
2643,7440.72,37,4,27/01/2023,04/02/2023,31/01/2023,http://www.purolator.com,Purolator,TRUE,8838,TRUE
2644,45,14,4,27/01/2023,01/02/2023,29/01/2023,,Pickup,TRUE,2646,TRUE
2645,83.8,22,1,27/01/2023,09/02/2023,30/01/2023,,Pickup,TRUE,5489,TRUE
2646,1121.4,60,9,28/01/2023,03/02/2023,29/01/2023,http://www.usps.com,Parcel Post,TRUE,,TRUE
2647,107.8,63,4,28/01/2023,08/02/2023,05/02/2023,http://www.ups.com,UPS,TRUE,8769,TRUE
2648,117.3,23,6,29/01/2023,08/02/2023,05/02/2023,http://www.usps.com,Parcel Post,TRUE,,TRUE
2649,70.5,17,1,29/01/2023,10/02/2023,06/02/2023,www.fedex.com,FedEx,TRUE,,TRUE
2650,6729.55,73,7,29/01/2023,09/02/2023,29/01/2023,www.fedex.com,FedEx,TRUE,4631,TRUE
2651,70.5,65,6,29/01/2023,04/02/2023,31/01/2023,,Pickup,TRUE,8885,TRUE
2652,2429.1,2,4,29/01/2023,06/02/2023,05/02/2023,www.fedex.com,FedEx,TRUE,4398,TRUE
2653,2451.85,2,1,29/01/2023,11/02/2023,08/02/2023,http://www.loomis.com,Loomis,TRUE,2028,TRUE
2654,108,48,9,29/01/2023,02/02/2023,01/02/2023,http://www.usps.com,Parcel Post,TRUE,,TRUE
2655,5304.79,13,6,29/01/2023,03/02/2023,29/01/2023,http://www.ups.com,UPS,TRUE,,TRUE
2656,659.7,48,7,30/01/2023,09/02/2023,07/02/2023,,Pickup,TRUE,1834,TRUE
2657,2827.05,20,6,30/01/2023,02/02/2023,30/01/2023,http://www.ups.com,UPS,TRUE,4649,TRUE
2658,72,22,7,30/01/2023,11/02/2023,30/01/2023,http://www.loomis.com,Loomis,TRUE,7701,TRUE
2659,659.7,1,4,30/01/2023,10/02/2023,01/02/2023,http://www.usps.com,Parcel Post,TRUE,,TRUE
2660,53.9,17,3,30/01/2023,30/01/2023,30/01/2023,www.fedex.com,FedEx,TRUE,,TRUE
2661,8819.55,24,7,30/01/2023,31/01/2023,30/01/2023,www.fedex.com,FedEx,TRUE,,TRUE
2662,8819.55,17,4,30/01/2023,01/02/2023,31/01/2023,http://www.usps.com,Parcel Post,TRUE,,TRUE
2663,43.8,5,6,31/01/2023,03/02/2023,02/02/2023,http://www.ups.com,UPS,TRUE,,TRUE
2664,9290.3,14,9,31/01/2023,06/02/2023,03/02/2023,www.fedex.com,FedEx,TRUE,8741,TRUE
2665,11156,12,7,01/02/2023,02/02/2023,01/02/2023,http://www.usps.com,Parcel Post,TRUE,5579,TRUE
2666,5300.74,5,7,01/02/2023,13/02/2023,05/02/2023,http://www.usps.com,Parcel Post,TRUE,4055,TRUE
2667,5879.7,41,9,01/02/2023,07/02/2023,05/02/2023,http://www.loomis.com,Loomis,TRUE,,TRUE
2668,8902.95,77,7,01/02/2023,13/02/2023,04/02/2023,www.fedex.com,FedEx,TRUE,,TRUE
2669,4966.83,52,4,01/02/2023,02/02/2023,01/02/2023,www.fedex.com,FedEx,TRUE,3988,TRUE
2670,5879.7,55,9,01/02/2023,09/02/2023,01/02/2023,http://www.purolator.com,Purolator,TRUE,7257,TRUE
2671,743.4,56,7,01/02/2023,11/02/2023,06/02/2023,http://www.loomis.com,Loomis,TRUE,,TRUE
2672,16.5,51,7,01/02/2023,02/02/2023,01/02/2023,www.fedex.com,FedEx,TRUE,6883,TRUE
2673,64.42,6,4,01/02/2023,14/02/2023,12/02/2023,http://www.usps.com,Parcel Post,TRUE,2243,TRUE
2674,8819.55,58,1,01/02/2023,09/02/2023,07/02/2023,www.fedex.com,FedEx,TRUE,,TRUE
2675,5879.7,13,3,01/02/2023,01/02/2023,01/02/2023,,Pickup,TRUE,2074,TRUE
2676,8819.55,29,9,01/02/2023,13/02/2023,08/02/2023,,Pickup,TRUE,4378,TRUE
2677,1565.25,50,7,01/02/2023,06/02/2023,01/02/2023,http://www.loomis.com,Loomis,TRUE,3938,TRUE
2678,2657.4,23,9,02/02/2023,14/02/2023,05/02/2023,http://www.usps.com,Parcel Post,TRUE,7998,TRUE
2679,2504.4,56,6,02/02/2023,08/02/2023,03/02/2023,www.fedex.com,FedEx,TRUE,9420,TRUE
2680,8819.55,48,3,02/02/2023,11/02/2023,09/02/2023,http://www.purolator.com,Purolator,TRUE,,TRUE
2681,70.5,33,9,02/02/2023,04/02/2023,02/02/2023,,Pickup,TRUE,7268,TRUE
2682,931.05,1,1,02/02/2023,05/02/2023,04/02/2023,http://www.ups.com,UPS,TRUE,,TRUE
2683,43.5,77,4,02/02/2023,06/02/2023,05/02/2023,http://www.purolator.com,Purolator,TRUE,,TRUE
2684,637.54,13,7,02/02/2023,15/02/2023,05/02/2023,,Pickup,TRUE,,TRUE
2685,8819.55,46,1,02/02/2023,08/02/2023,02/02/2023,,Pickup,TRUE,,TRUE
2686,8819.55,22,7,03/02/2023,06/02/2023,04/02/2023,http://www.usps.com,Parcel Post,TRUE,,TRUE
2687,27,1,1,04/02/2023,15/02/2023,10/02/2023,http://www.loomis.com,Loomis,TRUE,5124,TRUE
2688,3479.7,50,9,04/02/2023,07/02/2023,04/02/2023,http://www.ups.com,UPS,TRUE,,TRUE
2689,1565.25,66,7,04/02/2023,15/02/2023,14/02/2023,http://www.ups.com,UPS,TRUE,9464,TRUE
2690,479.85,44,3,05/02/2023,11/02/2023,08/02/2023,www.fedex.com,FedEx,TRUE,6892,TRUE
2691,3479.7,58,6,06/02/2023,13/02/2023,09/02/2023,http://www.ups.com,UPS,TRUE,,TRUE
2692,8836.05,30,4,06/02/2023,16/02/2023,11/02/2023,http://www.purolator.com,Purolator,TRUE,,TRUE
2693,3479.7,49,9,06/02/2023,17/02/2023,09/02/2023,,Pickup,TRUE,,TRUE
2694,3468.92,48,9,06/02/2023,08/02/2023,06/02/2023,http://www.purolator.com,Purolator,TRUE,,TRUE
2695,5879.7,51,6,06/02/2023,06/02/2023,06/02/2023,http://www.loomis.com,Loomis,TRUE,1215,TRUE
2696,5219.55,34,7,07/02/2023,18/02/2023,13/02/2023,www.fedex.com,FedEx,TRUE,2709,TRUE
2697,863.74,14,6,08/02/2023,10/02/2023,09/02/2023,,Pickup,TRUE,,TRUE
2698,5219.55,32,6,09/02/2023,16/02/2023,10/02/2023,http://www.ups.com,UPS,TRUE,7485,TRUE
2699,80.9,55,3,09/02/2023,21/02/2023,09/02/2023,http://www.purolator.com,Purolator,TRUE,8061,TRUE
2700,7019.25,42,1,09/02/2023,10/02/2023,09/02/2023,http://www.loomis.com,Loomis,TRUE,8343,TRUE
2701,247.23,18,4,09/02/2023,11/02/2023,09/02/2023,,Pickup,TRUE,,TRUE
2702,329.85,9,1,10/02/2023,15/02/2023,12/02/2023,www.fedex.com,FedEx,TRUE,6244,TRUE
2703,659.7,4,6,10/02/2023,14/02/2023,10/02/2023,www.fedex.com,FedEx,TRUE,2604,TRUE
2704,108.4,47,4,10/02/2023,19/02/2023,13/02/2023,http://www.ups.com,UPS,TRUE,,TRUE
2705,32.21,17,6,11/02/2023,11/02/2023,11/02/2023,http://www.usps.com,Parcel Post,TRUE,3302,TRUE
2706,2699.55,59,9,11/02/2023,19/02/2023,13/02/2023,www.fedex.com,FedEx,TRUE,3754,TRUE
2707,2699.55,10,3,12/02/2023,16/02/2023,15/02/2023,http://www.loomis.com,Loomis,TRUE,,TRUE
2708,107.8,37,1,12/02/2023,24/02/2023,23/02/2023,,Pickup,TRUE,1197,TRUE
2709,1003.2,11,9,12/02/2023,24/02/2023,21/02/2023,http://www.usps.com,Parcel Post,TRUE,,TRUE
2710,45,17,6,12/02/2023,15/02/2023,13/02/2023,http://www.usps.com,Parcel Post,TRUE,,TRUE
2711,260.63,69,7,12/02/2023,15/02/2023,12/02/2023,http://www.loomis.com,Loomis,TRUE,5783,TRUE
2712,1619.74,14,1,12/02/2023,19/02/2023,15/02/2023,http://www.usps.com,Parcel Post,TRUE,3592,TRUE
2713,30,74,3,13/02/2023,23/02/2023,16/02/2023,http://www.usps.com,Parcel Post,TRUE,8661,TRUE
2714,5913.6,21,4,13/02/2023,26/02/2023,16/02/2023,http://www.usps.com,Parcel Post,TRUE,,TRUE
2715,2339.4,17,7,13/02/2023,14/02/2023,13/02/2023,,Pickup,TRUE,2783,TRUE
2716,33.9,13,1,13/02/2023,20/02/2023,16/02/2023,http://www.usps.com,Parcel Post,TRUE,,TRUE
2717,845.55,75,6,13/02/2023,20/02/2023,13/02/2023,,Pickup,TRUE,,TRUE
2718,8837.46,24,7,13/02/2023,16/02/2023,14/02/2023,http://www.loomis.com,Loomis,TRUE,,TRUE
2719,953.35,2,4,13/02/2023,14/02/2023,13/02/2023,,Pickup,TRUE,,TRUE
2720,2733.45,12,1,14/02/2023,18/02/2023,16/02/2023,www.fedex.com,FedEx,TRUE,,TRUE
2721,55.4,41,1,14/02/2023,18/02/2023,17/02/2023,,Pickup,TRUE,,TRUE
2722,5893.2,50,6,14/02/2023,19/02/2023,16/02/2023,http://www.loomis.com,Loomis,TRUE,,TRUE
2723,3510.21,55,9,14/02/2023,22/02/2023,14/02/2023,http://www.loomis.com,Loomis,TRUE,8016,TRUE
2724,113.7,51,7,15/02/2023,23/02/2023,17/02/2023,,Pickup,TRUE,4843,TRUE
2725,2856.42,59,3,15/02/2023,26/02/2023,15/02/2023,http://www.purolator.com,Purolator,TRUE,4938,TRUE
2726,11099.25,10,4,15/02/2023,26/02/2023,23/02/2023,http://www.loomis.com,Loomis,TRUE,6492,TRUE
2727,5563.18,39,7,16/02/2023,23/02/2023,22/02/2023,http://www.ups.com,UPS,TRUE,6882,TRUE
2728,1475.55,33,7,17/02/2023,25/02/2023,23/02/2023,http://www.purolator.com,Purolator,TRUE,5857,TRUE
2729,1372.07,11,4,17/02/2023,24/02/2023,18/02/2023,www.fedex.com,FedEx,TRUE,6087,TRUE
2730,1799.7,12,9,18/02/2023,28/02/2023,25/02/2023,www.fedex.com,FedEx,TRUE,,TRUE
2731,3959.55,50,9,18/02/2023,20/02/2023,18/02/2023,http://www.purolator.com,Purolator,TRUE,,TRUE
2732,145.3,67,9,18/02/2023,25/02/2023,24/02/2023,http://www.purolator.com,Purolator,TRUE,,TRUE
2733,2699.55,55,3,18/02/2023,20/02/2023,18/02/2023,http://www.ups.com,UPS,TRUE,9494,TRUE
2734,6005.4,34,6,19/02/2023,01/03/2023,23/02/2023,http://www.purolator.com,Purolator,TRUE,4604,TRUE
2735,8819.55,14,3,19/02/2023,02/03/2023,22/02/2023,http://www.usps.com,Parcel Post,TRUE,,TRUE
2736,62.43,7,7,19/02/2023,25/02/2023,20/02/2023,,Pickup,TRUE,1307,TRUE
2737,277.13,8,3,19/02/2023,28/02/2023,27/02/2023,http://www.usps.com,Parcel Post,TRUE,,TRUE
2738,7685.25,31,6,19/02/2023,22/02/2023,21/02/2023,http://www.usps.com,Parcel Post,TRUE,,TRUE
2739,48.51,2,1,19/02/2023,27/02/2023,25/02/2023,www.fedex.com,FedEx,TRUE,9045,TRUE
2740,2699.55,21,7,19/02/2023,19/02/2023,19/02/2023,http://www.usps.com,Parcel Post,TRUE,6220,TRUE
2741,3811.29,32,1,20/02/2023,21/02/2023,20/02/2023,http://www.ups.com,UPS,TRUE,,TRUE
2742,2699.55,51,1,20/02/2023,02/03/2023,28/02/2023,,Pickup,TRUE,7377,TRUE
2743,1799.7,69,1,21/02/2023,26/02/2023,22/02/2023,http://www.ups.com,UPS,TRUE,,TRUE
2744,911.72,42,1,21/02/2023,28/02/2023,25/02/2023,http://www.loomis.com,Loomis,TRUE,,TRUE
2745,35.7,52,9,21/02/2023,28/02/2023,21/02/2023,http://www.purolator.com,Purolator,TRUE,3827,TRUE
2746,8945.25,48,4,21/02/2023,05/03/2023,21/02/2023,http://www.ups.com,UPS,TRUE,,TRUE
2747,1664.7,9,9,21/02/2023,28/02/2023,24/02/2023,http://www.ups.com,UPS,TRUE,1314,TRUE
2748,1726.16,41,4,21/02/2023,28/02/2023,23/02/2023,http://www.usps.com,Parcel Post,TRUE,,TRUE
2749,72.15,70,3,21/02/2023,22/02/2023,21/02/2023,http://www.usps.com,Parcel Post,TRUE,,TRUE
2750,1664.7,3,6,22/02/2023,24/02/2023,22/02/2023,,Pickup,TRUE,,TRUE
2751,1664.7,3,3,23/02/2023,27/02/2023,23/02/2023,www.fedex.com,FedEx,TRUE,7976,TRUE
2752,2497.05,11,4,24/02/2023,28/02/2023,27/02/2023,http://www.purolator.com,Purolator,TRUE,,TRUE
2753,1619.55,14,7,24/02/2023,26/02/2023,24/02/2023,http://www.ups.com,UPS,TRUE,4932,TRUE
2754,138.7,73,6,24/02/2023,02/03/2023,25/02/2023,,Pickup,TRUE,,TRUE
2755,1619.55,63,9,25/02/2023,02/03/2023,28/02/2023,www.fedex.com,FedEx,TRUE,5118,TRUE
2756,1873.05,64,9,25/02/2023,07/03/2023,06/03/2023,http://www.loomis.com,Loomis,TRUE,7739,TRUE
2757,893.55,17,6,25/02/2023,27/02/2023,26/02/2023,http://www.loomis.com,Loomis,TRUE,,TRUE
2758,2511.55,15,3,25/02/2023,26/02/2023,25/02/2023,http://www.ups.com,UPS,TRUE,8357,TRUE
2759,1649.25,69,7,25/02/2023,05/03/2023,02/03/2023,http://www.ups.com,UPS,TRUE,4332,TRUE
2760,5879.7,76,9,26/02/2023,07/03/2023,04/03/2023,http://www.purolator.com,Purolator,TRUE,3223,TRUE
2761,1079.7,16,3,26/02/2023,01/03/2023,26/02/2023,www.fedex.com,FedEx,TRUE,,TRUE
2762,8819.55,34,3,26/02/2023,02/03/2023,01/03/2023,www.fedex.com,FedEx,TRUE,,TRUE
2763,3078.16,32,1,27/02/2023,28/02/2023,27/02/2023,http://www.usps.com,Parcel Post,TRUE,7305,TRUE
2764,1079.7,55,3,28/02/2023,01/03/2023,28/02/2023,,Pickup,TRUE,,TRUE
2765,86.11,24,7,28/02/2023,11/03/2023,03/03/2023,www.fedex.com,FedEx,TRUE,,TRUE
2766,1644.72,39,9,28/02/2023,04/03/2023,28/02/2023,,Pickup,TRUE,,TRUE
2767,1529.7,75,6,28/02/2023,03/03/2023,28/02/2023,http://www.purolator.com,Purolator,TRUE,,TRUE
2768,1036.55,25,4,28/02/2023,13/03/2023,05/03/2023,http://www.purolator.com,Purolator,TRUE,2389,TRUE
2769,108,68,4,28/02/2023,06/03/2023,02/03/2023,,Pickup,TRUE,,TRUE
2770,5321.25,17,4,28/02/2023,07/03/2023,06/03/2023,http://www.ups.com,UPS,TRUE,,TRUE
2771,107.8,77,6,28/02/2023,01/03/2023,28/02/2023,www.fedex.com,FedEx,TRUE,5737,TRUE
2772,2294.55,1,6,28/02/2023,08/03/2023,05/03/2023,http://www.loomis.com,Loomis,TRUE,5068,TRUE
2773,728.42,25,4,01/03/2023,05/03/2023,02/03/2023,http://www.purolator.com,Purolator,TRUE,,TRUE
2774,2294.55,28,7,01/03/2023,04/03/2023,03/03/2023,http://www.purolator.com,Purolator,TRUE,,TRUE
2775,86.9,69,6,01/03/2023,08/03/2023,05/03/2023,,Pickup,TRUE,6087,TRUE
2776,1529.7,27,6,01/03/2023,01/03/2023,01/03/2023,http://www.purolator.com,Purolator,TRUE,,TRUE
2777,1529.7,2,9,01/03/2023,09/03/2023,08/03/2023,www.fedex.com,FedEx,TRUE,2340,TRUE
2778,959.7,39,6,01/03/2023,04/03/2023,03/03/2023,http://www.loomis.com,Loomis,TRUE,,TRUE
2779,8906.45,4,4,02/03/2023,02/03/2023,02/03/2023,http://www.usps.com,Parcel Post,TRUE,4283,TRUE
2780,1453.22,28,7,02/03/2023,08/03/2023,06/03/2023,,Pickup,TRUE,,TRUE
2781,4439.4,53,3,02/03/2023,09/03/2023,06/03/2023,,Pickup,TRUE,,TRUE
2782,1439.55,40,7,02/03/2023,04/03/2023,03/03/2023,www.fedex.com,FedEx,TRUE,,TRUE
2783,1439.55,35,1,02/03/2023,02/03/2023,02/03/2023,http://www.usps.com,Parcel Post,TRUE,4582,TRUE
2784,53.9,27,7,02/03/2023,08/03/2023,02/03/2023,http://www.loomis.com,Loomis,TRUE,9605,TRUE
2785,107.8,29,7,03/03/2023,09/03/2023,05/03/2023,http://www.purolator.com,Purolator,TRUE,,TRUE
2786,8907.71,45,4,03/03/2023,12/03/2023,04/03/2023,,Pickup,TRUE,,TRUE
2787,3222.9,77,3,04/03/2023,13/03/2023,05/03/2023,http://www.ups.com,UPS,TRUE,,TRUE
2788,1085.4,14,3,05/03/2023,09/03/2023,06/03/2023,http://www.loomis.com,Loomis,TRUE,4592,TRUE
2789,986.7,59,6,05/03/2023,09/03/2023,07/03/2023,http://www.loomis.com,Loomis,TRUE,2569,TRUE
2790,44.55,74,4,05/03/2023,11/03/2023,08/03/2023,http://www.ups.com,UPS,TRUE,1460,TRUE
2791,388.85,27,1,06/03/2023,17/03/2023,07/03/2023,,Pickup,TRUE,9732,TRUE
2792,2145.05,73,4,06/03/2023,17/03/2023,15/03/2023,http://www.purolator.com,Purolator,TRUE,5764,TRUE
2793,1031.49,19,3,06/03/2023,09/03/2023,06/03/2023,www.fedex.com,FedEx,TRUE,,TRUE
2794,1439.55,43,4,07/03/2023,11/03/2023,09/03/2023,www.fedex.com,FedEx,TRUE,7196,TRUE
2795,521.75,74,3,07/03/2023,09/03/2023,07/03/2023,http://www.usps.com,Parcel Post,TRUE,3729,TRUE
2796,23.5,65,7,07/03/2023,08/03/2023,07/03/2023,http://www.ups.com,UPS,TRUE,,TRUE
2797,959.7,14,6,07/03/2023,10/03/2023,09/03/2023,http://www.ups.com,UPS,TRUE,3245,TRUE
2798,1631.19,46,4,08/03/2023,21/03/2023,15/03/2023,,Pickup,TRUE,,TRUE
2799,1439.55,7,3,08/03/2023,14/03/2023,11/03/2023,http://www.purolator.com,Purolator,TRUE,,TRUE
2800,2567.12,39,4,08/03/2023,12/03/2023,11/03/2023,http://www.ups.com,UPS,TRUE,,FALSE
2801,329.85,56,6,08/03/2023,14/03/2023,13/03/2023,,Pickup,TRUE,1530,FALSE
2802,10877.46,29,7,08/03/2023,16/03/2023,08/03/2023,http://www.ups.com,UPS,TRUE,1567,FALSE
2803,563.7,45,9,08/03/2023,17/03/2023,09/03/2023,www.fedex.com,FedEx,TRUE,,FALSE
2804,62.94,57,3,08/03/2023,18/03/2023,15/03/2023,http://www.purolator.com,Purolator,TRUE,1917,FALSE
2805,1739.05,43,7,09/03/2023,18/03/2023,13/03/2023,http://www.ups.com,UPS,TRUE,8136,FALSE
2806,1176.98,59,3,10/03/2023,14/03/2023,10/03/2023,http://www.loomis.com,Loomis,TRUE,9288,TRUE
2807,959.7,20,6,10/03/2023,19/03/2023,15/03/2023,www.fedex.com,FedEx,TRUE,,TRUE
2808,713.6,17,4,11/03/2023,20/03/2023,19/03/2023,http://www.purolator.com,Purolator,TRUE,,TRUE
2809,1439.55,10,7,12/03/2023,16/03/2023,14/03/2023,http://www.loomis.com,Loomis,TRUE,,TRUE
2810,1141.54,13,1,12/03/2023,14/03/2023,12/03/2023,www.fedex.com,FedEx,TRUE,2377,TRUE
2811,2322.45,44,9,12/03/2023,15/03/2023,14/03/2023,http://www.purolator.com,Purolator,TRUE,2800,TRUE
2812,83.8,20,7,12/03/2023,12/03/2023,12/03/2023,,Pickup,TRUE,8017,TRUE
2813,659.7,63,3,12/03/2023,19/03/2023,17/03/2023,http://www.loomis.com,Loomis,TRUE,,TRUE
2814,8965.25,7,4,13/03/2023,13/03/2023,13/03/2023,,Pickup,TRUE,,TRUE
2815,989.55,29,1,13/03/2023,21/03/2023,17/03/2023,http://www.purolator.com,Purolator,TRUE,6869,TRUE
2816,176.2,13,6,14/03/2023,23/03/2023,20/03/2023,,Pickup,TRUE,,TRUE
2817,563.7,23,6,14/03/2023,26/03/2023,22/03/2023,http://www.usps.com,Parcel Post,TRUE,8218,TRUE
2818,943.77,73,3,14/03/2023,23/03/2023,17/03/2023,http://www.purolator.com,Purolator,TRUE,,TRUE
2819,64.84,54,3,14/03/2023,14/03/2023,14/03/2023,http://www.purolator.com,Purolator,TRUE,,TRUE
2820,49.5,57,9,14/03/2023,18/03/2023,17/03/2023,www.fedex.com,FedEx,TRUE,,TRUE
2821,749.12,31,1,15/03/2023,27/03/2023,26/03/2023,,Pickup,TRUE,,TRUE
2822,107.8,55,7,16/03/2023,18/03/2023,17/03/2023,http://www.loomis.com,Loomis,TRUE,,TRUE
2823,67.8,66,7,17/03/2023,28/03/2023,21/03/2023,http://www.purolator.com,Purolator,TRUE,,TRUE
2824,659.7,71,6,17/03/2023,21/03/2023,19/03/2023,http://www.usps.com,Parcel Post,TRUE,,TRUE
2825,43.5,22,7,18/03/2023,29/03/2023,26/03/2023,http://www.purolator.com,Purolator,TRUE,1327,TRUE
2826,5312.04,24,1,18/03/2023,18/03/2023,18/03/2023,www.fedex.com,FedEx,TRUE,,TRUE
2827,95.8,8,6,18/03/2023,18/03/2023,18/03/2023,http://www.loomis.com,Loomis,TRUE,,TRUE
2828,868.5,35,3,18/03/2023,20/03/2023,19/03/2023,http://www.usps.com,Parcel Post,TRUE,3706,TRUE
2829,989.55,7,7,18/03/2023,27/03/2023,22/03/2023,http://www.purolator.com,Purolator,TRUE,5492,TRUE
2830,659.7,62,6,18/03/2023,19/03/2023,18/03/2023,,Pickup,TRUE,,TRUE
2831,2814.35,23,7,18/03/2023,18/03/2023,18/03/2023,http://www.loomis.com,Loomis,TRUE,,TRUE
2832,989.55,13,4,18/03/2023,19/03/2023,18/03/2023,,Pickup,TRUE,5958,TRUE
2833,1654.55,74,1,18/03/2023,18/03/2023,18/03/2023,http://www.usps.com,Parcel Post,TRUE,1765,TRUE
2834,1121.4,58,1,18/03/2023,26/03/2023,24/03/2023,http://www.purolator.com,Purolator,TRUE,,TRUE
2835,9677.46,40,9,19/03/2023,23/03/2023,22/03/2023,http://www.purolator.com,Purolator,TRUE,,TRUE
2836,659.7,7,1,20/03/2023,29/03/2023,24/03/2023,http://www.purolator.com,Purolator,TRUE,,TRUE
2837,659.7,2,9,20/03/2023,28/03/2023,20/03/2023,www.fedex.com,FedEx,TRUE,9760,TRUE
2838,2939.85,47,6,21/03/2023,23/03/2023,21/03/2023,http://www.usps.com,Parcel Post,TRUE,,TRUE
2839,1739.85,16,1,21/03/2023,22/03/2023,21/03/2023,,Pickup,TRUE,,TRUE
2840,329.85,53,1,21/03/2023,28/03/2023,23/03/2023,,Pickup,TRUE,4433,TRUE
2841,659.7,41,6,21/03/2023,26/03/2023,23/03/2023,http://www.purolator.com,Purolator,TRUE,8825,TRUE
2842,2339.7,77,6,21/03/2023,26/03/2023,21/03/2023,http://www.loomis.com,Loomis,TRUE,7133,TRUE
2843,16.5,49,3,22/03/2023,01/04/2023,23/03/2023,www.fedex.com,FedEx,TRUE,9175,TRUE
2844,3479.7,63,1,22/03/2023,29/03/2023,26/03/2023,http://www.purolator.com,Purolator,TRUE,5258,TRUE
2845,88.9,8,3,22/03/2023,30/03/2023,27/03/2023,,Pickup,TRUE,,TRUE
2846,659.7,12,7,22/03/2023,23/03/2023,22/03/2023,,Pickup,TRUE,7983,TRUE
2847,559.35,34,1,22/03/2023,04/04/2023,23/03/2023,http://www.usps.com,Parcel Post,TRUE,7242,TRUE
2848,4487.25,73,7,22/03/2023,29/03/2023,26/03/2023,http://www.loomis.com,Loomis,TRUE,7565,TRUE
2849,1721.25,63,9,22/03/2023,26/03/2023,24/03/2023,http://www.ups.com,UPS,TRUE,,TRUE
2850,2321.15,61,3,22/03/2023,31/03/2023,30/03/2023,,Parcel Post,TRUE,4343,TRUE
2851,989.55,68,3,22/03/2023,01/04/2023,29/03/2023,,Parcel Post,TRUE,4797,TRUE
2852,989.55,46,4,22/03/2023,30/03/2023,24/03/2023,http://www.ups.com,UPS,TRUE,6793,TRUE
2853,1510.05,25,7,22/03/2023,23/03/2023,22/03/2023,,Pickup,TRUE,,TRUE
2854,1708.2,40,4,22/03/2023,02/04/2023,27/03/2023,http://www.usps.com,Parcel Post,TRUE,8776,TRUE
2855,1529.7,28,6,22/03/2023,23/03/2023,22/03/2023,,Pickup,TRUE,7035,TRUE
2856,133.2,40,1,22/03/2023,01/04/2023,30/03/2023,www.fedex.com,FedEx,TRUE,,TRUE
2857,503.35,2,3,23/03/2023,04/04/2023,31/03/2023,http://www.usps.com,Parcel Post,TRUE,7542,TRUE
2858,659.7,13,1,23/03/2023,05/04/2023,03/04/2023,,Pickup,TRUE,,TRUE
2859,5321.97,56,6,23/03/2023,28/03/2023,24/03/2023,,Pickup,TRUE,9661,TRUE
2860,991.39,11,1,23/03/2023,04/04/2023,28/03/2023,http://www.purolator.com,Purolator,TRUE,3507,TRUE
2861,563.7,5,3,24/03/2023,28/03/2023,25/03/2023,www.fedex.com,FedEx,TRUE,,TRUE
2862,1151.25,23,6,25/03/2023,07/04/2023,25/03/2023,http://www.usps.com,Parcel Post,TRUE,4654,TRUE
2863,49.5,61,3,26/03/2023,31/03/2023,26/03/2023,www.fedex.com,FedEx,TRUE,,TRUE
2864,1439.55,35,3,27/03/2023,27/03/2023,27/03/2023,http://www.usps.com,Parcel Post,TRUE,,TRUE
2865,832.35,9,7,27/03/2023,31/03/2023,28/03/2023,http://www.ups.com,UPS,TRUE,,TRUE
2866,845.55,18,9,28/03/2023,08/04/2023,05/04/2023,www.fedex.com,FedEx,TRUE,,TRUE
2867,233.7,76,4,28/03/2023,31/03/2023,29/03/2023,http://www.ups.com,UPS,TRUE,,TRUE
2868,13.5,53,1,29/03/2023,11/04/2023,10/04/2023,http://www.usps.com,Parcel Post,TRUE,,TRUE
2869,4116.6,70,4,29/03/2023,10/04/2023,03/04/2023,http://www.purolator.com,Purolator,TRUE,7456,TRUE
2870,823.05,54,3,29/03/2023,02/04/2023,29/03/2023,,Pickup,TRUE,,TRUE
2871,142.83,48,1,29/03/2023,10/04/2023,29/03/2023,,Pickup,TRUE,,TRUE
2872,548.7,62,4,29/03/2023,10/04/2023,30/03/2023,,Pickup,TRUE,9975,TRUE
2873,533.75,66,7,29/03/2023,05/04/2023,29/03/2023,http://www.loomis.com,Loomis,TRUE,,TRUE
2874,5879.7,56,6,30/03/2023,05/04/2023,30/03/2023,www.fedex.com,FedEx,TRUE,8761,TRUE
2875,43.5,17,6,30/03/2023,09/04/2023,06/04/2023,,Pickup,TRUE,,TRUE
2876,7483.06,6,6,30/03/2023,11/04/2023,10/04/2023,http://www.purolator.com,Purolator,TRUE,8119,TRUE
2877,38.4,40,9,31/03/2023,12/04/2023,02/04/2023,www.fedex.com,FedEx,TRUE,,TRUE
2878,876.95,76,7,31/03/2023,05/04/2023,02/04/2023,www.fedex.com,FedEx,TRUE,5099,TRUE
2879,185.2,37,1,31/03/2023,09/04/2023,06/04/2023,www.fedex.com,FedEx,TRUE,,TRUE
2880,13.5,9,9,01/04/2023,05/04/2023,03/04/2023,http://www.usps.com,Parcel Post,TRUE,5365,TRUE
2881,43.5,42,1,01/04/2023,03/04/2023,02/04/2023,,Pickup,TRUE,1131,TRUE
2882,29,77,4,02/04/2023,06/04/2023,03/04/2023,http://www.loomis.com,Loomis,TRUE,,TRUE
2883,55.8,21,6,03/04/2023,15/04/2023,14/04/2023,http://www.loomis.com,Loomis,TRUE,,TRUE
2884,43.5,63,9,03/04/2023,06/04/2023,04/04/2023,www.fedex.com,FedEx,TRUE,1925,FALSE
2885,7534.06,61,3,03/04/2023,04/04/2023,03/04/2023,,Pickup,TRUE,,FALSE
2886,43.5,50,6,03/04/2023,04/04/2023,03/04/2023,http://www.purolator.com,Purolator,TRUE,5503,FALSE
2887,49.5,4,9,03/04/2023,10/04/2023,07/04/2023,http://www.purolator.com,Purolator,TRUE,,FALSE
2888,9649.2,4,3,04/04/2023,07/04/2023,04/04/2023,http://www.purolator.com,Purolator,TRUE,4587,FALSE
2889,49.5,48,7,05/04/2023,17/04/2023,08/04/2023,www.fedex.com,FedEx,TRUE,,FALSE
2890,1028.55,21,6,06/04/2023,08/04/2023,06/04/2023,http://www.loomis.com,Loomis,TRUE,7034,FALSE
2891,15.5,35,7,06/04/2023,09/04/2023,07/04/2023,www.fedex.com,FedEx,TRUE,5925,FALSE
2892,45.68,57,4,06/04/2023,11/04/2023,10/04/2023,,Pickup,TRUE,,FALSE
2893,33,26,9,06/04/2023,19/04/2023,10/04/2023,www.fedex.com,FedEx,TRUE,9791,FALSE
2894,32.73,45,6,06/04/2023,15/04/2023,13/04/2023,www.fedex.com,FedEx,TRUE,,FALSE
2895,49.5,31,1,07/04/2023,15/04/2023,13/04/2023,http://www.loomis.com,Loomis,TRUE,2833,FALSE
2896,3012.65,69,4,08/04/2023,21/04/2023,15/04/2023,http://www.loomis.com,Loomis,TRUE,,FALSE
2897,49.5,5,1,08/04/2023,13/04/2023,10/04/2023,http://www.usps.com,Parcel Post,TRUE,7238,FALSE
2898,1000.96,14,9,09/04/2023,19/04/2023,15/04/2023,http://www.usps.com,Parcel Post,TRUE,,FALSE
2899,33,42,7,09/04/2023,11/04/2023,09/04/2023,www.fedex.com,FedEx,TRUE,9713,FALSE
2900,5549.4,1,3,09/04/2023,22/04/2023,16/04/2023,www.fedex.com,FedEx,TRUE,7638,FALSE
2901,101.7,21,4,09/04/2023,13/04/2023,11/04/2023,http://www.loomis.com,Loomis,TRUE,,FALSE
2902,8846.49,55,7,09/04/2023,19/04/2023,16/04/2023,,Pickup,TRUE,8024,FALSE
2903,16.5,40,1,09/04/2023,19/04/2023,14/04/2023,http://www.usps.com,Parcel Post,TRUE,5648,FALSE
2904,125.7,26,3,09/04/2023,12/04/2023,10/04/2023,http://www.purolator.com,Purolator,TRUE,4099,FALSE
2905,2374.95,39,6,10/04/2023,23/04/2023,12/04/2023,http://www.usps.com,Parcel Post,TRUE,,FALSE
2906,8024.25,74,4,11/04/2023,17/04/2023,14/04/2023,www.fedex.com,FedEx,TRUE,1315,FALSE
2907,40.5,4,4,11/04/2023,13/04/2023,12/04/2023,http://www.purolator.com,Purolator,TRUE,3703,FALSE
2908,47,62,9,12/04/2023,22/04/2023,21/04/2023,www.fedex.com,FedEx,FALSE,,FALSE
2909,125.7,47,1,13/04/2023,24/04/2023,23/04/2023,http://www.ups.com,UPS,FALSE,,FALSE
2910,3936.6,39,1,14/04/2023,14/04/2023,14/04/2023,http://www.loomis.com,Loomis,TRUE,5907,FALSE
2911,65.26,76,3,14/04/2023,19/04/2023,15/04/2023,http://www.ups.com,UPS,TRUE,,FALSE
2912,541.05,26,9,14/04/2023,21/04/2023,19/04/2023,www.fedex.com,FedEx,TRUE,,FALSE
2913,125.7,58,9,14/04/2023,26/04/2023,23/04/2023,www.fedex.com,FedEx,FALSE,8849,FALSE
2914,373.35,43,7,14/04/2023,21/04/2023,16/04/2023,,Pickup,TRUE,9686,FALSE
2915,5291.74,65,1,14/04/2023,23/04/2023,19/04/2023,http://www.usps.com,Parcel Post,TRUE,,FALSE
2916,83.8,7,1,14/04/2023,26/04/2023,23/04/2023,http://www.purolator.com,Purolator,FALSE,7945,FALSE
2917,33.9,40,4,14/04/2023,25/04/2023,15/04/2023,http://www.purolator.com,Purolator,TRUE,1321,FALSE
2918,1750.89,63,3,15/04/2023,27/04/2023,23/04/2023,http://www.loomis.com,Loomis,FALSE,,FALSE
2919,49.5,35,4,15/04/2023,18/04/2023,17/04/2023,http://www.usps.com,Parcel Post,TRUE,,FALSE
2920,4121.29,64,1,15/04/2023,24/04/2023,15/04/2023,www.fedex.com,FedEx,TRUE,8469,FALSE
2921,2853.9,20,6,15/04/2023,22/04/2023,15/04/2023,http://www.loomis.com,Loomis,TRUE,1123,FALSE
2922,67.8,27,1,15/04/2023,21/04/2023,17/04/2023,www.fedex.com,FedEx,TRUE,,FALSE
2923,125.7,8,3,15/04/2023,24/04/2023,15/04/2023,http://www.ups.com,UPS,TRUE,,FALSE
2924,83.8,36,6,15/04/2023,21/04/2023,15/04/2023,http://www.usps.com,Parcel Post,TRUE,,FALSE
2925,161.7,50,3,15/04/2023,22/04/2023,21/04/2023,http://www.loomis.com,Loomis,FALSE,7565,FALSE
2926,107.8,13,4,15/04/2023,16/04/2023,15/04/2023,http://www.loomis.com,Loomis,TRUE,2163,FALSE
2927,301.29,58,3,16/04/2023,26/04/2023,23/04/2023,,Pickup,FALSE,,FALSE
2928,161.7,15,3,16/04/2023,29/04/2023,28/04/2023,http://www.usps.com,Parcel Post,FALSE,5638,FALSE
2929,2939.85,35,9,16/04/2023,26/04/2023,21/04/2023,,Pickup,FALSE,3501,FALSE
2930,1694.97,68,9,17/04/2023,27/04/2023,25/04/2023,www.fedex.com,FedEx,FALSE,,FALSE
2931,107.8,76,4,17/04/2023,23/04/2023,19/04/2023,http://www.purolator.com,Purolator,TRUE,4136,FALSE
2932,281.85,33,6,17/04/2023,21/04/2023,19/04/2023,http://www.purolator.com,Purolator,TRUE,2974,FALSE
2933,1505.96,54,1,17/04/2023,27/04/2023,21/04/2023,http://www.loomis.com,Loomis,FALSE,5700,FALSE
2934,521.86,29,9,18/04/2023,22/04/2023,19/04/2023,http://www.usps.com,Parcel Post,TRUE,,FALSE
2935,1139.55,71,6,18/04/2023,20/04/2023,18/04/2023,http://www.ups.com,UPS,TRUE,4626,FALSE
2936,107.8,71,1,18/04/2023,25/04/2023,22/04/2023,,Pickup,FALSE,7480,FALSE
2937,107.8,39,1,18/04/2023,23/04/2023,21/04/2023,www.fedex.com,FedEx,FALSE,,FALSE
2938,3149.4,63,7,18/04/2023,30/04/2023,25/04/2023,http://www.purolator.com,Purolator,FALSE,,FALSE
2939,2084.59,18,7,18/04/2023,22/04/2023,20/04/2023,http://www.loomis.com,Loomis,FALSE,,FALSE
2940,161.7,45,7,18/04/2023,20/04/2023,18/04/2023,http://www.ups.com,UPS,TRUE,5902,FALSE
2941,107.8,9,4,18/04/2023,24/04/2023,20/04/2023,http://www.ups.com,UPS,FALSE,,FALSE
2942,141.95,23,4,18/04/2023,20/04/2023,18/04/2023,www.fedex.com,FedEx,TRUE,1958,FALSE
2943,2497.05,23,6,18/04/2023,26/04/2023,19/04/2023,http://www.purolator.com,Purolator,TRUE,6683,FALSE
2944,107.8,36,6,19/04/2023,25/04/2023,21/04/2023,http://www.ups.com,UPS,FALSE,6437,FALSE
2945,8759.1,69,7,19/04/2023,23/04/2023,21/04/2023,http://www.loomis.com,Loomis,FALSE,5593,FALSE
2946,6209.55,71,3,19/04/2023,23/04/2023,20/04/2023,http://www.loomis.com,Loomis,FALSE,,FALSE
2947,4229.25,42,7,19/04/2023,02/05/2023,26/04/2023,http://www.usps.com,Parcel Post,FALSE,,FALSE
2948,2402.35,38,9,19/04/2023,20/04/2023,19/04/2023,http://www.loomis.com,Loomis,TRUE,2450,FALSE
2949,6008.4,68,7,19/04/2023,19/04/2023,19/04/2023,http://www.purolator.com,Purolator,TRUE,,FALSE
2950,1057.1,44,7,19/04/2023,24/04/2023,23/04/2023,www.fedex.com,FedEx,FALSE,1209,FALSE
2951,11081.41,4,7,19/04/2023,19/04/2023,19/04/2023,http://www.purolator.com,Purolator,TRUE,2418,FALSE
2952,6839.4,75,3,20/04/2023,01/05/2023,28/04/2023,http://www.loomis.com,Loomis,FALSE,,FALSE
2953,3479.7,33,6,20/04/2023,28/04/2023,25/04/2023,http://www.purolator.com,Purolator,FALSE,,FALSE
2954,2426.42,22,7,20/04/2023,28/04/2023,24/04/2023,,Pickup,FALSE,3443,FALSE
2955,161.7,41,9,20/04/2023,21/04/2023,20/04/2023,http://www.ups.com,UPS,FALSE,,FALSE
2956,2797.25,12,4,20/04/2023,26/04/2023,23/04/2023,http://www.loomis.com,Loomis,FALSE,,FALSE
2957,9,64,1,21/04/2023,26/04/2023,25/04/2023,http://www.loomis.com,Loomis,FALSE,,FALSE
2958,52.5,66,6,21/04/2023,04/05/2023,02/05/2023,http://www.loomis.com,Loomis,FALSE,3377,FALSE
2959,959.7,16,4,21/04/2023,21/04/2023,21/04/2023,http://www.usps.com,Parcel Post,FALSE,3568,FALSE
2960,491.55,28,9,22/04/2023,02/05/2023,28/04/2023,http://www.ups.com,UPS,FALSE,,FALSE
2961,329.85,67,9,23/04/2023,29/04/2023,24/04/2023,http://www.purolator.com,Purolator,FALSE,,FALSE
2962,3299.21,63,9,24/04/2023,06/05/2023,29/04/2023,,Pickup,FALSE,5499,FALSE
2963,1079.7,29,9,24/04/2023,01/05/2023,26/04/2023,http://www.loomis.com,Loomis,FALSE,,FALSE
2964,39.8,9,1,25/04/2023,29/04/2023,26/04/2023,,Pickup,FALSE,2650,FALSE
2965,1971.53,12,7,25/04/2023,27/04/2023,26/04/2023,http://www.ups.com,UPS,FALSE,9995,FALSE
2966,49.5,12,4,25/04/2023,07/05/2023,28/04/2023,http://www.purolator.com,Purolator,FALSE,,FALSE
2967,8933.25,6,3,25/04/2023,03/05/2023,02/05/2023,www.fedex.com,FedEx,FALSE,,FALSE
2968,43.44,16,3,25/04/2023,30/04/2023,27/04/2023,www.fedex.com,FedEx,FALSE,7858,FALSE
2969,3185.42,2,1,26/04/2023,06/05/2023,01/05/2023,,Pickup,FALSE,,FALSE
2970,2969.55,68,7,27/04/2023,01/05/2023,27/04/2023,www.fedex.com,FedEx,FALSE,,FALSE
2971,43.8,22,9,27/04/2023,06/05/2023,02/05/2023,http://www.purolator.com,Purolator,FALSE,8747,FALSE
2972,66.99,35,3,28/04/2023,06/05/2023,30/04/2023,,Pickup,FALSE,8921,FALSE
2973,3903.83,54,7,28/04/2023,02/05/2023,28/04/2023,http://www.ups.com,UPS,FALSE,,FALSE
2974,161.7,65,1,28/04/2023,02/05/2023,01/05/2023,,Pickup,FALSE,,FALSE
2975,65.7,44,6,29/04/2023,07/05/2023,04/05/2023,www.fedex.com,FedEx,FALSE,,FALSE
2976,40.5,49,7,29/04/2023,29/04/2023,29/04/2023,http://www.purolator.com,Purolator,FALSE,7298,FALSE
2977,4685.1,61,1,29/04/2023,29/04/2023,29/04/2023,www.fedex.com,FedEx,FALSE,3893,FALSE
2978,2736,54,3,29/04/2023,03/05/2023,02/05/2023,http://www.purolator.com,Purolator,FALSE,,FALSE
2979,40.5,52,9,29/04/2023,04/05/2023,01/05/2023,http://www.purolator.com,Purolator,FALSE,2382,FALSE
2980,194.7,67,6,29/04/2023,12/05/2023,09/05/2023,,Pickup,FALSE,1301,FALSE
2981,154.6,25,3,29/04/2023,11/05/2023,10/05/2023,,Pickup,FALSE,5462,FALSE
2982,63.9,1,1,29/04/2023,11/05/2023,02/05/2023,www.fedex.com,FedEx,FALSE,,FALSE
2983,762.12,49,4,29/04/2023,30/04/2023,29/04/2023,www.fedex.com,FedEx,FALSE,,FALSE
2984,3479.7,59,3,29/04/2023,30/04/2023,29/04/2023,,Pickup,FALSE,4131,FALSE
2985,3542.6,27,9,29/04/2023,04/05/2023,01/05/2023,http://www.ups.com,UPS,FALSE,,FALSE
2986,40.5,24,6,29/04/2023,10/05/2023,04/05/2023,http://www.usps.com,Parcel Post,FALSE,3099,FALSE
2987,31,6,4,30/04/2023,09/05/2023,02/05/2023,http://www.purolator.com,Purolator,FALSE,2042,FALSE
2988,2110.2,57,9,01/05/2023,10/05/2023,09/05/2023,http://www.purolator.com,Purolator,FALSE,,FALSE
2989,238.63,16,1,01/05/2023,04/05/2023,02/05/2023,www.fedex.com,FedEx,FALSE,,FALSE
2990,8378.58,62,3,01/05/2023,05/05/2023,03/05/2023,www.fedex.com,FedEx,FALSE,2429,FALSE
2991,3047.88,34,9,01/05/2023,02/05/2023,01/05/2023,,Pickup,FALSE,,FALSE
2992,80.9,55,6,01/05/2023,08/05/2023,02/05/2023,http://www.purolator.com,Purolator,FALSE,,FALSE
2993,196.2,37,9,01/05/2023,06/05/2023,04/05/2023,http://www.purolator.com,Purolator,FALSE,9884,FALSE
2994,29.94,55,9,01/05/2023,09/05/2023,03/05/2023,http://www.loomis.com,Loomis,FALSE,4646,FALSE
2995,67.8,32,6,01/05/2023,13/05/2023,02/05/2023,,Pickup,FALSE,6551,FALSE
2996,9,32,3,01/05/2023,11/05/2023,09/05/2023,http://www.usps.com,Parcel Post,FALSE,,FALSE
2997,43.5,66,7,02/05/2023,12/05/2023,05/05/2023,http://www.purolator.com,Purolator,FALSE,,FALSE
2998,1082.5,77,1,02/05/2023,15/05/2023,03/05/2023,http://www.ups.com,UPS,FALSE,,FALSE
2999,6872.1,23,6,02/05/2023,05/05/2023,04/05/2023,www.fedex.com,FedEx,FALSE,2269,FALSE
3000,5923.2,15,7,02/05/2023,11/05/2023,07/05/2023,http://www.purolator.com,Purolator,FALSE,2011,FALSE
